"Phrase","Cerebro IQ Score","Search Volume","Competing Products","CPR 8-Day Giveaways","Amazon Recommended","Sponsored","Organic","Amazon Recommended Rank","Sponsored Rank","Organic Rank"
"adro tshirts for men","5235","712","136","16","0","1","1","-","29","1"
"full sleves t shirts men","247","154","624","8","0","0","1","-","-","1"
"jack and jones tshirt for men full sleeve","3986","558","140","16","0","1","1","-","45","1"
"jack&jones t shirts for men","153","153","1000","8","0","0","1","-","-","1"
"5.11 job shirt","65000","65","1","8","0","0","1","-","-","2"
"t for men stylish tshirts full","56","167","3000","8","0","0","1","-","-","2"
"t shirt for men stylish full sleeves branded","63","63","1000","8","0","1","1","-","6","2"
"tshirt for man style full","47","140","3000","8","0","0","1","-","-","2"
"tshirts for boys stylish branded","1808","3616","2000","80","0","0","1","-","-","2"
"american flag sweatshirt","1651","104","63","8","0","0","1","-","-","3"
"pornhub tshirt","5289","201","38","8","0","0","1","-","-","3"
"mens henley full sleeve tshirt","122","122","1000","8","0","1","1","-","75","3"
"flying machine full sleeve t shirt for men","14714","103","7","8","0","1","1","-","3","3"
"fullsleves tshirts men","1584","179","113","8","0","0","1","-","-","3"
"t shirts for men new full sleeves","105","209","2000","8","0","1","1","-","50","3"
"bewakoof dress","672","135","201","8","0","0","1","-","-","3"
"cotton full sleeve tshirt for men","4","40","10000","8","0","0","1","-","-","3"
"gents t-shirt full sleeves","8","80","10000","8","0","1","1","-","55","3"
"american flag shirt","138","43","311","8","0","1","1","-","26","4"
"made in usa","19","191","10000","8","0","0","1","-","-","4"
"kasto mens cotton","1491","158","106","8","0","0","1","-","-","4"
"t shirts men full","6","56","10000","8","0","1","1","-","62","4"
"nike full sleeves t shirts for men","3519","2041","580","48","0","1","1","-","11","4"
"t shirts for men stylish latest branded","808","808","1000","16","0","0","1","-","-","4"
"mens t shirts cotton full sleeve","7","73","10000","8","0","1","1","-","3","4"
"cotton t shirt for men full sleeve","20","195","10000","8","0","1","1","-","41","4"
"cardi b t shirt","3813","183","48","8","0","0","1","-","-","5"
"american flag hoodie","2345","68","29","8","0","0","1","-","-","5"
"bill murray t shirt","22250","89","4","8","0","0","1","-","-","5"
"duke jersey","743","104","140","8","0","0","1","-","-","5"
"american flag shirt women","1440","193","134","8","0","0","1","-","-","5"
"nwo t shirt","9500","114","12","8","0","0","1","-","-","6"
"black flag shirt","49","49","1000","8","0","1","1","-","36","6"
"kobra kai t shirt","34500","69","2","8","0","0","1","-","-","6"
"comfort colors long sleeve","96","87","905","8","0","1","1","-","18","6"
"american flag t shirt men","196","30","153","8","0","0","1","-","-","6"
"100% cotton long sleeve t shirt men","35","140","4000","8","0","1","1","-","75","6"
"brand t shirt for men","38","340","9000","8","0","0","1","-","-","6"
"t shirts full men","3","30","10000","8","0","0","1","-","-","6"
"american flag pants","1132","77","68","8","0","0","1","-","-","7"
"hurley sweatshirt","103000","103","1","8","0","1","1","-","1","7"
"raglan full sleeve t shirt","108","107","995","8","0","1","1","-","11","7"
"t shirts men full hand","245","245","1000","8","0","1","1","-","63","7"
"jack and jones full sleeve t shirt for men","1227","200","163","8","0","0","1","-","-","7"
"t-shirt full sleeve","60","595","10000","16","0","1","1","-","78","7"
"t shirt for men full hand","690","690","1000","16","0","0","1","-","-","7"
"full sleeve cotton t shirt for men","14","135","10000","8","0","1","1","-","23","7"
"t.shirts for men stylish branded","99","197","2000","8","0","0","1","-","-","7"
"tishart new stylish men","259","98","378","8","0","0","1","-","-","7"
"adidas tshirts men full sleeve","2369","912","385","24","0","0","1","-","-","7"
